mae;mse;rmse;rrmse
641.7158;2138793.9821;1462.4616;0.5813
638.7542;2126479.6219;1458.2454;0.5798
639.4588;2135709.9773;1461.4068;0.5812
624.8535;2073732.1472;1440.0459;0.5725
634.5271;2123843.6509;1457.3413;0.5795
638.4395;2129227.5988;1459.1873;0.5801
633.6677;2097122.9257;1448.1446;0.5757
633.8908;2118278.3593;1455.4306;0.5785
636.0227;2098967.3381;1448.7813;0.576
643.1354;2142509.5467;1463.7314;0.5821
636.4465500000001;2118466.5148;1455.4776200000001;0.5786699999999999
