mae;mse;rmse;rrmse
643.1354;2142509.5467;1463.7314;0.5821
643.1354;2142509.5467;1463.7314;0.5821
643.1354;2142509.5467;1463.7314;0.5821
643.1354;2142509.5467;1463.7314;0.5821
643.1354;2142509.5467;1463.7314;0.5821
643.1354;2142509.5467;1463.7314;0.5821
643.1354;2142509.5467;1463.7314;0.5821
643.1354;2142509.5467;1463.7314;0.5821
643.1354;2142509.5467;1463.7314;0.5821
643.1354;2142509.5467;1463.7314;0.5821
643.1354;2142509.5467000003;1463.7314000000001;0.5820999999999998
